日付	改善内容	ビフォー	アフター	備考
2026-06-18	KNOTE（当時TalKnot）初版を公開	商談やロープレの振り返りは記憶頼りで、良し悪しを言葉にできなかった	商談・ロープレの動画をAIが評価し、良かった点と改善点を返すWebアプリを稼働	最初のリリース
2026-06-18	評価を2軸（模範トーク視点／営業プロ視点）にした	点数が1つだけで、何を基準に低いのか分からなかった	模範トークにどれだけ近いかと、営業として本質的に良いかを分けて表示	のちに1軸へ再設計
2026-06-20	長い録画（2〜3時間）に対応	長尺の録画はアップロードも解析も途中で落ちていた	ドライブから省メモリで取り込み、フレームを間引いて背景で解析	
2026-06-20	アップロード上限を2GBに引き上げ	大きい動画が上限で弾かれていた	2GBまで受け付ける	
2026-06-20	解析中に画面を閉じてよいようにした	解析が終わるまで画面を開いたまま待つ必要があった	裏で処理し、履歴で「処理中→完了/失敗」を確認できる	
2026-06-20	評価履歴を永続化	アプリが再起動すると過去の評価が消えていた	スプレッドシートに保存し、各自が自分の履歴をいつでも見られる	
2026-06-20	ログイン保持（14日）	毎回ログインし直す必要があった	暗号化Cookieで14日間は再ログイン不要	プランナーからの要望
2026-06-20	弊社ナレッジ（商品知識・社内ルール・トーク技術）を評価に反映	AIが自社の商材やルールを知らないまま評価していた	商談から抽出した自社ナレッジを評価の判断材料にする	
2026-06-21	社内ナレッジ資料（商品・料金・サービス・FAQ）を搭載	商品仕様や料金をAIが知らなかった	Driveの資料を取り込み、評価の根拠に使う	
2026-06-22	同時利用でサーバーが落ちる問題に対処	複数人が同時に解析するとアプリが落ちていた	解析の同時実行を1件に制限し、アップロードを省メモリ化	
2026-06-22	ログイン処理で落ちないようにした	ログイン時のエラーでアプリ全体が停止することがあった	エラーを受け止めて画面に原因を出す	
2026-06-23	お客様目線で厳しく評価し、隠れたニーズを拾う	評価が甘く、表面的な指摘が多かった	お客様の本音（秘密領域）を掘れたかを見る	
2026-06-23	他人の商談を評価対象にしない	自分のドライブに他人の録画があると混ざることがあった	本人所有の動画だけを対象にする	
2026-06-23	ナレッジを整理（重複除去・顧客名の匿名化）	抽出したナレッジに重複や顧客名が混ざっていた	索引や重複を除き、顧客名を伏せて蓄積	個人情報対策
2026-06-23	議事録から実践ナレッジを自動抽出	現場で使えた切り返しが個人の中に留まっていた	商談議事録から毎日自動で抽出し、全員の評価に反映	
2026-06-23	蓄積したナレッジを手で直せるようにした	AIが抽出した内容が間違っていても直せなかった	管理者が追加・修正・削除できる画面を追加	
2026-06-24	評価の出力を日本語に固定	評価文に英語が混ざることがあった	日本語で返すよう指定	
2026-06-24	判定中のまま止まる問題を解消	処理が途中で止まると「判定中」のまま残っていた	時間切れを検出して表示を切り替える	
2026-07-06	会話配分メーター（ジョハリの窓）を追加	自分がどれだけ話し、どれだけ聞けたかが分からなかった	開放・盲点・秘密・未知の配分を帯グラフで表示	カクシン研修の指標
2026-07-06	LTS共通の利用ログに記録	誰がいつ使ったかを会社として把握できなかった	共通シートに利用ログを記録	
2026-07-21	アプリ名をKNOTE（ノート）にリブランド	名称とアイコンが仮のままだった	KNOTEに統一し、結び目をモチーフにしたマークへ刷新	
2026-07-21	1人ロープレ機能を追加	相手役がいないと練習できなかった	台本のお客様に声で応答し、その場でAI評価を受けられる	最も使われる機能に
2026-07-21	模範トークスクリプト2冊（36タブ・約55,000字）を採点基準に取り込み	AIが自社の話し方の型を知らなかった	社内標準のトークを基準に採点する	
2026-07-21	ロープレに会話の雰囲気を追加	文字だけの台本で練習していた	アバターと吹き出し、音声読み上げで対話している感覚に	
2026-07-21	ロープレ音声を聞き取りやすい声に調整	読み上げが不自然で聞き取りづらかった	30〜40代女性を想定した自然な読み上げに	
2026-07-21	管理者が全メンバーの実施状況を見られるように	誰がどれだけ練習しているか把握できなかった	実施状況・履歴の一覧を追加	
2026-07-21	自動翻訳による誤訳とクラッシュを防止	Chromeの自動翻訳で表示が壊れることがあった	ページを日本語と宣言し、ロゴを翻訳対象外にする	
2026-07-21	毎回ログインを求められる問題を修正	Cookieが効かず毎回ログインになっていた	サーバー側で同期して保持する	プランナーからの要望
2026-07-21	アプリのスリープを防止	しばらく使わないとアプリが眠り、起動に時間がかかっていた	定期的に起こしておく	
2026-07-22	商談評価にGoogleカレンダー連携を追加	どの録画がどの商談か自分で探す必要があった	商談予定から録画を自動で突き合わせる	
2026-07-22	管理者向けに個人の成長ダッシュボードを追加	個人の伸びが見えなかった	メンバーごとの推移をグラフで表示	
2026-07-22	ロープレのお客様を実データ準拠のペルソナに	台本のお客様が作り物めいていた	全商談から作ったペルソナの言い回しを使う	
2026-07-22	トークスクリプトのAI整文提案を追加	スクリプトの言い回しを整える手間があった	AIが整文案を出し、管理者がOKなら反映	
2026-07-22	施工事例ギャラリーを追加	現場写真を見せたいとき手元を探していた	管理者が写真を共有し、全員が閲覧・ダウンロードできる	
2026-07-24	1人ロープレを4カテゴリ×2タイプに再構築	単元が多く、何を練習すればよいか迷った	導入・コーティング・エコカラット・ダウンライトに整理	
2026-07-24	カンペ冒頭に「進め方の切り口」AIコーチングを追加	カンペが模範トークだけで、進め方が分からなかった	商材×お客様タイプごとの切り口を冒頭に表示	
2026-07-24	ロープレのターン操作を簡素化	カウントダウンや操作が多く、練習に集中できなかった	マイクを常時表示し、お客様のセリフは自動再生	
2026-07-25	1人ロープレを連続会話化	1ターンごとに操作が必要だった	開始を押せば、録音を止めるたびに自動で次へ進む	
2026-07-25	反論・切り返しドリルを追加（3商材×5単元）	反論されたときの対応を練習する場がなかった	「高い」「必要ない」等に段階で切り返す練習を追加	
2026-07-25	ロープレのセリフ・カンペを管理者が編集できるように	台本を直すのに開発が必要だった	画面から直接セリフとカンペを編集できる	
2026-07-25	毎回の同意画面を廃止	ログインのたびに同意画面が出ていた	初回だけで済むようにした	プランナーからの要望
2026-07-26	プランナー指摘の2点を修正	ジョハリの用語に英語が混ざり、1ターン目の音声が二重再生されていた	用語を日本語に統一し、二重再生を解消	プランナーからの指摘
2026-07-26	録画の突き合わせを案件番号で厳密化	別のお客様の録画を掴むことがあった	案件番号で一致を確認する	重大な不具合
2026-07-27	幹部向けの閲覧専用ロールを追加	全員の記録を見るには管理者権限が必要だった	閲覧だけできる役割を追加（編集は不可）	
2026-07-27	ジョハリ用語の英語混入を自動で日本語に統一	過去の評価にも英語が残っていた	解析時に統一し、過去分も表示時に直す	
2026-07-28	ロープレ習慣化のナッジを追加	練習が続かなかった	今日やったか・連続日数・今週の本数を画面に表示	
2026-07-28	ロープレ未実施のリマインドを追加	やり忘れても気づけなかった	未実施の人にGoogle ChatでDMを送る	
2026-07-28	休みの人にはリマインドを送らない	休日にも催促が届いていた	各自のカレンダーで休みを判定して止める	プランナーからの要望
2026-07-28	保存時刻を日本時間に修正	記録時刻が9時間ずれていた	JSTで記録する	不具合
2026-07-29	実施状況から失敗した評価を除外	失敗した評価が実施回数に数えられていた	エラーは回数に数えない	
2026-07-29	AI出力のJSON破損に対処	出力が途中で切れると評価全体が失敗していた	壊れた出力を修復してから読む	
2026-07-30	採点を1軸（総合スコア）に再設計	2軸の点数がほぼ同じで、分ける意味が薄かった	総合スコア1本にし、辛さを標準化	
2026-07-30	Before/Afterを営業本人の発言に限定	お客様の発言が「あなたの発言」として指摘されることがあった	話者を判定し、取り違えをコード側で遮断	プランナーからの指摘
2026-07-30	商談評価に「お客様の攻略メモ」を追加	次回どう攻めるかは自分で考えるしかなかった	人物像・属性・次回の攻め方を提示	
2026-07-30	評価エラーを管理者にDM通知	失敗に気づくのが遅れていた	エラー時に管理者へGoogle ChatでDM	
2026-08-02	初回商談の自動評価を開始	自分でアップロードしないと評価されなかった	毎日自動で初回商談の録画を評価する	無人運用
2026-08-03	アプリの配色をコーポレートカラーに変更	配色が既定のままで会社らしさがなかった	PANTONE 7451Mに統一し、ロゴとファビコンも差し替え	ブランド統一
2026-08-03	称号バッジを追加（100種）	続けても手応えがなかった	ロープレ・商談それぞれに称号を用意し、努力が見えるように	
2026-08-03	評価を「前回の宿題→答え合わせ→次の1点」の流れに	毎回ばらばらの指摘で、積み上がらなかった	前回の課題ができたかを確認し、次の1点を示す	
2026-08-03	固有名詞を確定情報で補正	人名を聞き取れずカタカナで創作していた（例：安栗→アングリ）	カレンダーの予定から確定情報を渡し、推測を禁止	プランナーからの指摘
2026-08-04	評価の表示を「次に直す1点」に絞る	点数・ジョハリ・シーン別と項目が多く、何を直すか分からなかった	最上部に次に直す1点を大きく表示	プランナーからの要望
2026-08-04	自動評価の対象を初回商談だけに絞る	仕様打合せまで評価され、必要な商談が後回しになっていた	「仕様」の打合せを対象外にする	
2026-08-04	リマインドを実名で呼びかけ、15時前後に送る	宛名がメールアドレスで、届く時刻も遅かった	「◯◯さん」と呼びかけ、15時前後に届ける	
2026-08-04	リマインド文面を30種類に増やす	同じ文面が続き、読み飛ばされていた	人ごと・日ごとに切り替え、約1ヶ月で一巡	
2026-08-04	「今日やれば◯日連続」を追加	続けている実感がなかった	連続日数を添えて後押しする	
2026-08-04	称号の「習慣にする」を20段階（最終365日）に拡張	段階が少なく、すぐ上限に達した	365日まで伸ばした	プランナーからの要望
2026-08-04	先行公開（カナリア）の仕組みを導入	新機能をいきなり全員に出していた	まず1名で確認し、問題なければ全員に出す	運用ルール化
2026-08-04	評価結果を5タブに整理	情報が縦に長く、探しづらかった	決定的・スコア・ニーズ・メモ・振り返りに整理	プランナーからの要望
2026-08-05	商談全体を読ませる（件数上限を撤廃）	指摘が前半だけに偏り、件数上限で打ち切られていた	上限を撤廃し、時系列に並べて表示	プランナーからの指摘
2026-08-06	長い商談を区間に分けて解析	1時間を超える商談は最初の10〜15分しか評価されていなかった	30分ごとに分けて解析し、結果を統合（読み取り3%→97%）	重大な精度問題
2026-08-06	通信断も再試行するようにした	長尺の商談3件が通信エラーで失敗した	一時的なエラーは待って再試行	
2026-08-06	評価履歴の書き込みでデータを失わないようにした	書き込み失敗でロープレの記録17件が消えた	先に書いてから余りを消す順に変更し、長い結果は収まるよう削る	重大な事故
2026-08-06	無料枠に収まるペースに調整	枠を使い切って評価が止まった	1日2件に制限し、区間ごとに間隔を空ける	
2026-08-06	評価文の日本語を直した	日本語がところどころ不自然だった	固定文言の文法を直し、AIにも自然な日本語を指示	プランナーからの指摘
2026-08-06	SR（ショールーム）を自動評価の対象外に	ショールーム対応まで評価されていた	対象から除外	プランナーからの要望
2026-08-06	同じ語を繰り返す出力を畳む	「もちろん」が300回続く表示が出た	繰り返しをまとめて表示	プランナーからの指摘
2026-08-31	商談評価を担当者に均等に進める	商談が多い人ばかり評価され、偏っていた	人ごとに順番を回して均等に評価	プランナーからの指摘
2026-08-31	解決済みの失敗を画面から消す	後で成功しても古い失敗が残り続けていた	同じ案件が成功したら失敗の表示を消す	
2026-08-31	自動評価を土日も動かす	土日の商談が評価されていなかった	365日毎日実行する	プランナーからの指摘
2026-08-31	リマインドの休み判定を各自のカレンダーに	曜日で判定しており、シフト制に合っていなかった	各自のカレンダーの「OFF」「有給」等で判定	プランナーからの要望
2026-08-31	深夜にリマインドが届く事故を止めた	定期実行の遅延で深夜0時台にDMが届いた	送信時刻をコード側で担保し、14〜17時以外は送らない	プランナーからのクレーム
2026-08-31	ご意見箱を追加	要望や不具合を伝える場所がなかった	画面から投稿でき、共有シートに自動保存される	プランナーからの要望
2026-08-31	相棒キャラクターを追加	毎日ロープレを続ける動機が弱かった	続けると育つキャラを6種族×8段階で用意し、1体を選んで育てる	プランナーからの要望
2026-08-31	相棒をオリジナルのドット絵にして名前を付けられるように	絵文字で他のアプリと同じ顔だった	コードで描いた専用キャラが2コマで動き、名前を付けられる	プランナーからの要望
2026-08-31	ロープレに毎回ちがう揺らぎを追加	台本を暗記すると読み上げ作業になり飽きていた	お客様カード175通り・アドリブ16種・今日のミッション12種を毎回引き直す	プランナーからの要望
2026-08-31	ダウンライトの台本を実際の施工に合わせた	人感センサー照明の話になっており、実際の施工と違っていた	LDKのシーリング置き換え（ロゼット撤去・配線流用・クロス補修）に書き直し	内容の誤り
2026-09-06	スマホからの評価が失敗しにくくなった	スマホの録音が大きすぎて（5ターンで約37MB）評価中にアプリが落ちていた	録音を16kHzに圧縮して約6MBにし、大きい場合は別経路で送る	プランナーからの指摘
2026-09-06	評価が失敗した日も「練習した日」として数える	ロープレをやっても評価が失敗すると「2日ぶりですね」と言われ、連続記録も消えた	練習した事実で数える（相棒・連続日数・リマインド）	プランナーからの指摘
2026-09-06	評価が失敗しても録り直さずに自動で完了するように	失敗すると練習そのものをやり直す必要があった	録音を先に預け、毎時の自動やり直しで完了させる（最大5回・48時間）	プランナーからの要望
2026-09-07	やり直し待ちを「失敗」と見せないようにした	自動で直るのに赤い「失敗」と英語のエラーが出ていた	「やり直し中・録り直し不要」と案内する	プランナーからの指摘
2026-09-07	管理者がコードの反映状況を確認できるように	直したはずの不具合が反映されているか分からなかった	サイドバーに「コード更新」の時刻を表示	
2026-10-02	ロープレの採点をカンペ基準にし、相槌への指摘をやめた	0点が出て合計2/25になり、カンペ通りに話しても「こう言えたら」と直された。指摘が相槌に付くことも多かった	カンペをAIに渡し、通りに言えていれば3点以上。0点は出さない。相槌への指摘は表示しない	プランナーからの指摘
2026-10-02	ご意見箱の要望を進捗管理できるようにした	要望は溜まるが、いつどう直したかが残っていなかった	専用シートに日付・改善内容・ビフォー・アフター・備考で記録する	ホストからの要望
